,m/z,RT,MS1_offset(ppm),isotopologue match,length,5'-end,sequence,3'-end,charge,isotope,Rank,Score (Sp),dSp,dSp2,n/L,sequence_mods,molecule ID,sequence_location,residue_start(unique),residue_end(unique),modifications_positions
0,486.050364,16.021,-8,,3,OH,UCG,P,-2,light,1,0.938,0.0,,0.882,-,calibration_oligo_3,"calibration_oligo_3,1,3",1,3,
1,497.566288,34.049,-4,,3,OH,GAC,P,-2,light,1,0.913,0.0,0.77,0.882,-,calibration_oligo_4,"calibration_oligo_4,1,3",1,3,
2,497.566288,34.049,-4,,3,OH,ACG,P,-2,light,4,0.21,0.77,0.77,0.471,-,calibration_oligo_1,"calibration_oligo_1,1,3",1,3,
3,497.566400,25.174,-3,,3,OH,ACG,P,-2,light,1,0.835,0.0,0.72,0.765,-,calibration_oligo_1,"calibration_oligo_1,1,3",1,3,
4,497.566400,25.174,-3,,3,OH,GAC,P,-2,light,3,0.237,0.72,0.72,0.471,-,calibration_oligo_4,"calibration_oligo_4,1,3",1,3,
5,498.056435,29.69,-7,,3,OH,UAG,P,-2,light,1,0.689,0.0,0.66,0.765,-,calibration_oligo_5,"calibration_oligo_5,1,3",1,3,
6,498.056435,29.69,-7,,3,OH,AGU,P,-2,light,3,0.233,0.66,0.66,0.471,-,calibration_oligo_2,"calibration_oligo_2,1,3",1,3,
7,498.056771,36.749,-7,,3,OH,AGU,P,-2,light,1,0.722,0.0,0.68,0.824,-,calibration_oligo_2,"calibration_oligo_2,1,3",1,3,
8,498.056771,36.749,-7,,3,OH,UAG,P,-2,light,3,0.231,0.68,0.68,0.471,-,calibration_oligo_5,"calibration_oligo_5,1,3",1,3,
9,638.571798,20.395,-5,,4,OH,UCCG,P,-2,light,1,1.475,0.0,0.57,0.964,-,calibration_oligo_13,"calibration_oligo_13,1,4",1,4,
10,638.571798,20.395,-5,,4,OH,CCUG,P,-2,light,3,0.628,0.57,0.57,0.786,-,calibration_oligo_9,"calibration_oligo_9,1,4",1,4,
11,638.572514,20.648,-4,,4,OH,CCUG,P,-2,light,1,1.476,0.0,0.89,0.929,-,calibration_oligo_9,"calibration_oligo_9,1,4",1,4,
12,638.572514,20.648,-4,,4,OH,UCCG,P,-2,light,3,0.157,0.89,0.89,0.393,-,calibration_oligo_13,"calibration_oligo_13,1,4",1,4,
13,639.063421,26.148,-6,,4,OH,CUUG,P,-2,light,1,1.482,0.0,0.49,0.964,-,calibration_oligo_19,"calibration_oligo_19,1,4",1,4,
14,639.063421,26.148,-6,,4,OH,UCUG,P,-2,light,2,0.749,0.49,0.49,0.75,-,calibration_oligo_15,"calibration_oligo_15,1,4",1,4,
15,639.065282,23.716,-3,,4,OH,UCUG,P,-2,light,1,1.616,0.0,0.28,0.964,-,calibration_oligo_15,"calibration_oligo_15,1,4",1,4,
16,639.065282,23.716,-3,,4,OH,CUUG,P,-2,light,2,1.166,0.28,0.28,0.893,-,calibration_oligo_19,"calibration_oligo_19,1,4",1,4,
17,650.578784,30.277,-3,,4,OH,CUAG,P,-2,light,1,1.48,0.0,,0.929,-,calibration_oligo_8,"calibration_oligo_8,1,4",1,4,
18,651.070475,34.363,-3,,4,OH,AUUG,P,-2,light,1,1.138,0.0,,0.821,-,calibration_oligo_14,"calibration_oligo_14,1,4",1,4,
19,662.090776,32.005,-5,,4,OH,CAAG,P,-2,light,1,1.452,0.0,0.5,0.929,-,calibration_oligo_12,"calibration_oligo_12,1,4",1,4,
20,662.090776,32.005,-5,,4,OH,GAAC,P,-2,light,2,0.72,0.5,0.5,0.643,-,calibration_oligo_6,"calibration_oligo_6,1,4",1,4,
21,662.090776,32.005,-5,,4,OH,AAGC,P,-2,light,5,0.121,0.92,0.5,0.357,-,calibration_oligo_10,"calibration_oligo_10,1,4",1,4,
22,662.093748,43.25,-1,,4,OH,AAGC,P,-2,light,1,1.053,0.0,0.85,0.75,-,calibration_oligo_10,"calibration_oligo_10,1,4",1,4,
23,662.093748,43.25,-1,,4,OH,GAAC,P,-2,light,4,0.153,0.85,0.85,0.357,-,calibration_oligo_6,"calibration_oligo_6,1,4",1,4,
24,662.093748,43.25,-1,,4,OH,CAAG,P,-2,light,5,0.125,0.88,0.85,0.321,-,calibration_oligo_12,"calibration_oligo_12,1,4",1,4,
25,662.094482,34.646,0,,4,OH,GAAC,P,-2,light,1,1.439,0.0,0.5,0.893,-,calibration_oligo_6,"calibration_oligo_6,1,4",1,4,
26,662.094482,34.646,0,,4,OH,CAAG,P,-2,light,3,0.717,0.5,0.5,0.643,-,calibration_oligo_12,"calibration_oligo_12,1,4",1,4,
27,662.094482,34.646,0,,4,OH,AAGC,P,-2,light,4,0.182,0.87,0.5,0.393,-,calibration_oligo_10,"calibration_oligo_10,1,4",1,4,
28,662.584160,38.899,-3,,4,OH,AAUG,P,-2,light,1,1.403,0.0,0.9,0.929,-,calibration_oligo_16,"calibration_oligo_16,1,4",1,4,
29,662.584160,38.899,-3,,4,OH,GAAU,P,-2,light,4,0.136,0.9,0.9,0.357,-,calibration_oligo_11,"calibration_oligo_11,1,4",1,4,
30,662.586966,39.954,1,,4,OH,GAAU,P,-2,light,1,1.422,0.0,0.89,0.929,-,calibration_oligo_11,"calibration_oligo_11,1,4",1,4,
31,662.586966,39.954,1,,4,OH,AAUG,P,-2,light,4,0.154,0.89,0.89,0.464,-,calibration_oligo_16,"calibration_oligo_16,1,4",1,4,
32,669.100244,37.968,-3,,4,OH,AKAG,P,-2,light,1,1.228,0.0,,0.821,A[Cm]AG,calibration_oligo_7,"calibration_oligo_7,1,4",1,4,calibration_oligo_7:2[Cm]
33,670.089227,41.028,-4,,4,OH,AGGC,P,-2,light,1,1.233,0.0,,0.857,-,calibration_oligo_17,"calibration_oligo_17,1,4",1,4,
34,670.582943,40.316,-1,,4,OH,AGGU,P,-2,light,1,1.295,0.0,,0.929,-,calibration_oligo_18,"calibration_oligo_18,1,4",1,4,
35,730.418820,20.92,-4,,7,OH,CCCCCUG,P,-3,light,1,1.918,0.0,,0.82,-,calibration_oligo_57,"calibration_oligo_57,1,7",1,7,
36,739.408821,36.433,-1,,7,OH,AUUYCUG,P,-3,light,1,2.258,0.0,,0.918,AUU[Y]CUG,calibration_oligo_48,"calibration_oligo_48,1,7",1,7,calibration_oligo_48:4[Y]
37,746.427002,36.441,-3,,7,OH,CAACUCG,P,-3,light,1,1.462,0.0,,0.77,-,calibration_oligo_54,"calibration_oligo_54,1,7",1,7,
38,746.756570,36.0,-1,,7,OH,UCUCAAG,P,-3,light,1,1.763,0.0,,0.787,-,calibration_oligo_50,"calibration_oligo_50,1,7",1,7,
39,754.429264,45.415,-5,,7,OH,AAUACCG,P,-3,light,1,1.381,0.0,,0.705,-,calibration_oligo_56,"calibration_oligo_56,1,7",1,7,
40,754.759558,41.194,-2,,7,OH,AACUAUG,P,-3,light,1,0.86,0.0,0.46,0.803,-,calibration_oligo_51,"calibration_oligo_51,1,7",1,7,
41,754.759558,41.194,-2,,7,OH,AAUCAUG,P,-3,light,2,0.465,0.46,0.46,0.672,-,calibration_oligo_52,"calibration_oligo_52,1,7",1,7,
42,754.759576,44.672,-2,,7,OH,AAUCAUG,P,-3,light,1,1.81,0.0,0.45,0.82,-,calibration_oligo_52,"calibration_oligo_52,1,7",1,7,
43,754.759576,44.672,-2,,7,OH,AACUAUG,P,-3,light,2,0.993,0.45,0.45,0.705,-,calibration_oligo_51,"calibration_oligo_51,1,7",1,7,
44,770.438914,45.086,-2,,7,OH,AAAAAUG,P,-3,light,1,1.944,0.0,,0.836,-,calibration_oligo_49,"calibration_oligo_49,1,7",1,7,
45,775.443112,49.259,-2,,7,OH,AGGAAAC,P,-3,light,1,1.748,0.0,0.2,0.787,-,calibration_oligo_55,"calibration_oligo_55,1,7",1,7,
46,775.443112,49.259,-2,,7,OH,GAGAAAC,P,-3,light,2,1.401,0.2,0.2,0.738,-,calibration_oligo_47,"calibration_oligo_47,1,7",1,7,
47,775.445611,37.912,2,,7,OH,GAGAAAC,P,-3,light,1,1.723,0.0,0.12,0.803,-,calibration_oligo_47,"calibration_oligo_47,1,7",1,7,
48,775.445611,37.912,2,,7,OH,AGGAAAC,P,-3,light,2,1.515,0.12,0.12,0.754,-,calibration_oligo_55,"calibration_oligo_55,1,7",1,7,
49,780.774558,43.829,-2,,7,OH,GGAAGAC,P,-3,light,1,2.03,0.0,,0.836,-,calibration_oligo_53,"calibration_oligo_53,1,7",1,7,
50,791.583703,34.106,-5,,5,OH,UCUCG,P,-2,light,1,2.036,0.0,0.4,0.923,-,calibration_oligo_30,"calibration_oligo_30,1,5",1,5,
51,791.583703,34.106,-5,,5,OH,CUUCG,P,-2,light,2,1.231,0.4,0.4,0.769,-,calibration_oligo_21,"calibration_oligo_21,1,5",1,5,
52,791.583703,34.106,-5,,5,OH,CCUUG,P,-2,light,6,0.137,0.93,0.4,0.308,-,calibration_oligo_25,"calibration_oligo_25,1,5",1,5,
53,791.583779,25.464,-5,,5,OH,CCUUG,P,-2,light,1,1.83,0.0,0.78,0.923,-,calibration_oligo_25,"calibration_oligo_25,1,5",1,5,
54,791.583779,25.464,-5,,5,OH,CUUCG,P,-2,light,4,0.395,0.78,0.78,0.59,-,calibration_oligo_21,"calibration_oligo_21,1,5",1,5,
55,791.583779,25.464,-5,,5,OH,UCUCG,P,-2,light,5,0.169,0.91,0.78,0.41,-,calibration_oligo_30,"calibration_oligo_30,1,5",1,5,
56,791.583779,27.086,-5,,5,OH,CUUCG,P,-2,light,1,1.67,0.0,0.43,0.872,-,calibration_oligo_21,"calibration_oligo_21,1,5",1,5,
57,791.583779,27.086,-5,,5,OH,UCUCG,P,-2,light,2,0.949,0.43,0.43,0.718,-,calibration_oligo_30,"calibration_oligo_30,1,5",1,5,
58,791.583779,27.086,-5,,5,OH,CCUUG,P,-2,light,6,0.204,0.88,0.43,0.41,-,calibration_oligo_25,"calibration_oligo_25,1,5",1,5,
59,802.604661,29.472,-6,,5,OH,CCACG,P,-2,light,1,1.948,0.0,,0.949,-,calibration_oligo_24,"calibration_oligo_24,1,5",1,5,
60,803.096151,28.754,-7,,5,OH,CUCAG,P,-2,light,1,1.66,0.0,,0.846,-,calibration_oligo_31,"calibration_oligo_31,1,5",1,5,
61,815.102498,37.133,-6,,5,OH,AUCAG,P,-2,light,1,1.575,0.0,0.93,0.821,-,calibration_oligo_23,"calibration_oligo_23,1,5",1,5,
62,815.102498,37.133,-6,,5,OH,AAUCG,P,-2,light,4,0.113,0.93,0.93,0.333,-,calibration_oligo_22,"calibration_oligo_22,1,5",1,5,
63,815.102498,39.919,-6,,5,OH,AAUCG,P,-2,light,1,1.463,0.0,0.84,0.795,-,calibration_oligo_22,"calibration_oligo_22,1,5",1,5,
64,815.102498,39.919,-6,,5,OH,AUCAG,P,-2,light,3,0.235,0.84,0.84,0.41,-,calibration_oligo_23,"calibration_oligo_23,1,5",1,5,
65,826.616854,43.367,-5,,5,OH,AAACG,P,-2,light,1,1.837,0.0,,0.872,-,calibration_oligo_29,"calibration_oligo_29,1,5",1,5,
66,827.112754,44.758,0,,5,OH,AGAAU,P,-2,light,1,1.999,0.0,0.9,0.923,-,calibration_oligo_28,"calibration_oligo_28,1,5",1,5,
67,827.112754,44.758,0,,5,OH,AAAGU,P,-2,light,4,0.193,0.9,0.9,0.436,-,calibration_oligo_26,"calibration_oligo_26,1,5",1,5,
68,827.112754,46.398,0,,5,OH,AAAGU,P,-2,light,1,1.551,0.0,0.9,0.846,-,calibration_oligo_26,"calibration_oligo_26,1,5",1,5,
69,827.112754,46.398,0,,5,OH,AGAAU,P,-2,light,3,0.158,0.9,0.9,0.385,-,calibration_oligo_28,"calibration_oligo_28,1,5",1,5,
70,832.429328,23.743,-1,,8,OH,CCCCCUUG,P,-3,light,1,1.921,0.0,,0.792,-,calibration_oligo_62,"calibration_oligo_62,1,8",1,8,
71,833.413834,34.544,-1,,8,OH,UUUCUCUG,P,-3,light,1,1.956,0.0,,0.861,-,calibration_oligo_64,"calibration_oligo_64,1,8",1,8,
72,835.108477,40.432,-2,,5,OH,GGAAU,P,-2,light,1,1.817,0.0,0.89,0.846,-,calibration_oligo_20,"calibration_oligo_20,1,5",1,5,
73,835.108477,40.432,-2,,5,OH,GAAGU,P,-2,light,3,0.199,0.89,0.89,0.385,-,calibration_oligo_27,"calibration_oligo_27,1,5",1,5,
74,835.110119,41.686,0,,5,OH,GAAGU,P,-2,light,1,1.49,0.0,0.92,0.872,-,calibration_oligo_27,"calibration_oligo_27,1,5",1,5,
75,835.110119,41.686,0,,5,OH,GGAAU,P,-2,light,4,0.119,0.92,0.92,0.359,-,calibration_oligo_20,"calibration_oligo_20,1,5",1,5,
76,848.106312,34.149,-4,,8,OH,UCACCACG,P,-3,light,1,1.879,0.0,0.43,0.764,-,calibration_oligo_65,"calibration_oligo_65,1,8",1,8,
77,848.106312,34.149,-4,,8,OH,CACUCACG,P,-3,light,2,1.066,0.43,0.43,0.639,-,calibration_oligo_67,"calibration_oligo_67,1,8",1,8,
78,848.106312,35.204,-4,,8,OH,CACUCACG,P,-3,light,1,1.315,0.0,0.45,0.694,-,calibration_oligo_67,"calibration_oligo_67,1,8",1,8,
79,848.106312,35.204,-4,,8,OH,UCACCACG,P,-3,light,2,0.728,0.45,0.45,0.514,-,calibration_oligo_65,"calibration_oligo_65,1,8",1,8,
80,848.436564,34.868,-2,,8,OH,ACUCCAUG,P,-3,light,1,2.09,0.0,,0.833,-,calibration_oligo_68,"calibration_oligo_68,1,8",1,8,
81,848.765054,39.211,-1,,8,OH,AUCUACUG,P,-3,light,1,1.692,0.0,,0.764,-,calibration_oligo_71,"calibration_oligo_71,1,8",1,8,
82,849.094218,41.715,0,,8,OH,AUUUUCAG,P,-3,light,1,1.332,0.0,,0.75,-,calibration_oligo_59,"calibration_oligo_59,1,8",1,8,
83,856.113126,35.458,-1,,8,OH,CACAAUCG,P,-3,light,1,1.723,0.0,,0.847,-,calibration_oligo_61,"calibration_oligo_61,1,8",1,8,
84,856.439265,44.368,-3,,8,OH,AAUUCCAG,P,-3,light,1,1.699,0.0,0.97,0.708,-,calibration_oligo_70,"calibration_oligo_70,1,8",1,8,
85,856.439265,44.368,-3,,8,OH,CUACAAUG,P,-3,light,4,0.047,0.97,0.97,0.208,-,calibration_oligo_66,"calibration_oligo_66,1,8",1,8,
86,856.439325,37.783,-3,,8,OH,CUACAAUG,P,-3,light,1,1.838,0.0,0.96,0.806,-,calibration_oligo_66,"calibration_oligo_66,1,8",1,8,
87,856.439325,37.783,-3,,8,OH,AAUUCCAG,P,-3,light,4,0.082,0.96,0.96,0.292,-,calibration_oligo_70,"calibration_oligo_70,1,8",1,8,
88,863.787710,41.974,-2,,8,OH,AACACCAG,P,-3,light,1,1.303,0.0,,0.847,-,calibration_oligo_63,"calibration_oligo_63,1,8",1,8,
89,864.445477,42.902,0,,8,OH,AACAAUUG,P,-3,light,1,1.671,0.0,,0.806,-,calibration_oligo_60,"calibration_oligo_60,1,8",1,8,
90,880.127197,41.097,3,,8,OH,AGAAAAAU,P,-3,light,1,2.211,0.0,,0.833,-,calibration_oligo_58,"calibration_oligo_58,1,8",1,8,
91,896.119341,59.898,-1,,8,OH,GGAGGAAU,P,-3,light,1,2.189,0.0,,0.819,-,calibration_oligo_69,"calibration_oligo_69,1,8",1,8,
92,942.442086,31.209,-1,,9,OH,CCCUACUUG,P,-3,light,1,1.804,0.0,,0.807,-,calibration_oligo_72,"calibration_oligo_72,1,9",1,9,
93,942.592587,42.876,-1,,12,OH,UUUAAUUCUUUG,P,-4,light,1,1.685,0.0,,0.612,-,calibration_oligo_87,"calibration_oligo_87,1,12",1,12,
94,944.106737,33.016,-2,,6,OH,UUCCCG,P,-2,light,1,1.802,0.0,,0.82,-,calibration_oligo_42,"calibration_oligo_42,1,6",1,6,
95,950.443331,37.519,-3,,9,OH,CUCAUCAUG,P,-3,light,1,1.304,0.0,,0.723,-,calibration_oligo_76,"calibration_oligo_76,1,9",1,9,
96,953.614187,41.124,-1,,12,OH,ACUCACUUAAUG,P,-4,light,1,1.393,0.0,,0.664,-,calibration_oligo_89,"calibration_oligo_89,1,12",1,12,
97,955.618469,35.261,-4,,6,OH,ACCUCG,P,-2,light,1,1.228,0.0,,0.72,-,calibration_oligo_40,"calibration_oligo_40,1,6",1,6,
98,956.604479,34.567,-2,,6,OH,CAUUUG,P,-2,light,1,1.31,0.0,,0.82,-,calibration_oligo_35,"calibration_oligo_35,1,6",1,6,
99,958.450018,40.03,0,,9,OH,UUACCAUAG,P,-3,light,1,1.871,0.0,,0.759,-,calibration_oligo_73,"calibration_oligo_73,1,9",1,9,
100,959.118522,43.656,-8,,12,OH,CAAAUACACUCG,P,-4,light,1,1.209,0.0,,0.681,-,calibration_oligo_90,"calibration_oligo_90,1,12",1,12,
101,967.625258,33.765,-2,,6,OH,UCCAAG,P,-2,light,1,1.664,0.0,,0.8,-,calibration_oligo_34,"calibration_oligo_34,1,6",1,6,
102,968.114208,37.94,-6,,6,OH,UAAUCG,P,-2,light,1,1.381,0.0,,0.7,-,calibration_oligo_37,"calibration_oligo_37,1,6",1,6,
103,968.610835,41.05,-1,,6,OH,AAUUUG,P,-2,light,1,1.344,0.0,,0.8,-,calibration_oligo_33,"calibration_oligo_33,1,6",1,6,
104,973.801697,41.437,0,,9,OH,CAUACAAAG,P,-3,light,1,1.813,0.0,,0.759,-,calibration_oligo_74,"calibration_oligo_74,1,9",1,9,
105,979.138767,34.936,-3,,6,OH,CACAAG,P,-2,light,1,1.308,0.0,,0.76,-,calibration_oligo_39,"calibration_oligo_39,1,6",1,6,
106,979.628835,42.284,-5,,6,OH,AAACUG,P,-2,light,1,1.385,0.0,0.83,0.74,-,calibration_oligo_46,"calibration_oligo_46,1,6",1,6,
107,979.628835,42.284,-5,,6,OH,AAUACG,P,-2,light,3,0.23,0.83,0.83,0.42,-,calibration_oligo_41,"calibration_oligo_41,1,6",1,6,
108,979.630591,44.588,-3,,6,OH,AAUACG,P,-2,light,1,1.229,0.0,0.77,0.68,-,calibration_oligo_41,"calibration_oligo_41,1,6",1,6,
109,979.630591,44.588,-3,,6,OH,AAACUG,P,-2,light,3,0.285,0.77,0.77,0.42,-,calibration_oligo_46,"calibration_oligo_46,1,6",1,6,
110,991.146525,39.07,0,,6,OH,AAGAAC,P,-2,light,1,1.899,0.0,,0.88,-,calibration_oligo_32,"calibration_oligo_32,1,6",1,6,
111,999.142439,43.42,-2,,6,OH,GGAAAC,P,-2,light,1,1.779,0.0,0.64,0.92,-,calibration_oligo_44,"calibration_oligo_44,1,6",1,6,
112,999.142439,43.42,-2,,6,OH,GAAGAC,P,-2,light,2,0.64,0.64,0.64,0.68,-,calibration_oligo_45,"calibration_oligo_45,1,6",1,6,
113,999.142439,44.385,-2,,6,OH,GAAGAC,P,-2,light,1,1.517,0.0,0.82,0.82,-,calibration_oligo_45,"calibration_oligo_45,1,6",1,6,
114,999.142439,44.385,-2,,6,OH,GGAAAC,P,-2,light,4,0.269,0.82,0.82,0.46,-,calibration_oligo_44,"calibration_oligo_44,1,6",1,6,
115,1002.469543,48.406,-3,,9,OH,AGGAlGAGC,P,-3,light,1,1.629,0.0,,0.759,AGGA[mU]GAGC,calibration_oligo_75,"calibration_oligo_75,1,9",1,9,calibration_oligo_75:5[mU]
116,1007.141159,42.78,-1,,6,OH,GAAGGC,P,-2,light,1,1.715,0.0,0.59,0.84,-,calibration_oligo_43,"calibration_oligo_43,1,6",1,6,
117,1007.141159,42.78,-1,,6,OH,GAGAGC,P,-2,light,3,0.706,0.59,0.59,0.66,-,calibration_oligo_38,"calibration_oligo_38,1,6",1,6,
118,1007.141504,41.574,0,,6,OH,GAGAGC,P,-2,light,1,1.652,0.0,0.56,0.8,-,calibration_oligo_38,"calibration_oligo_38,1,6",1,6,
119,1007.141504,41.574,0,,6,OH,GAAGGC,P,-2,light,3,0.724,0.56,0.56,0.62,-,calibration_oligo_43,"calibration_oligo_43,1,6",1,6,
120,1012.143940,58.132,-2,,12,OH,AGGAGGAGGAiC,P,-4,light,1,1.708,0.0,,0.655,AGGAGGAGGA[mA]C,calibration_oligo_88,"calibration_oligo_88,1,12",1,12,calibration_oligo_88:11[mA]
121,1012.853257,39.739,2,,13,OH,UUUCCUUUUUCAG,P,-4,light,1,1.197,0.0,,0.583,-,calibration_oligo_91,"calibration_oligo_91,1,13",1,13,
122,1015.137929,40.995,-1,,6,OH,GAGGGC,P,-2,light,1,1.848,0.0,,0.86,-,calibration_oligo_36,"calibration_oligo_36,1,6",1,6,
123,1021.622908,40.382,3,,13,OH,CUUCUAUCCUCiG,P,-4,light,1,1.338,0.0,,0.63,CUUCUAUCCUC[mA]G,calibration_oligo_94,"calibration_oligo_94,1,13",1,13,calibration_oligo_94:12[mA]
124,1037.103223,35.094,0,,10,OH,CUCUUUCUUG,P,-3,light,1,1.051,0.0,,0.628,-,calibration_oligo_81,"calibration_oligo_81,1,10",1,10,
125,1037.377844,45.763,-1,,13,OH,UjCUACAUCUCAG,P,-4,light,1,1.806,0.0,,0.661,U[mG]CUACAUCUCAG,calibration_oligo_93,"calibration_oligo_93,1,13",1,13,calibration_oligo_93:2[mG]
126,1045.434977,38.913,0,,10,OH,UUCUAUUUUG,P,-3,light,1,1.669,0.0,,0.649,-,calibration_oligo_78,"calibration_oligo_78,1,10",1,10,
127,1061.113645,45.169,-1,,10,OH,UAUUUAUUAG,P,-3,light,1,0.996,0.0,,0.5,-,calibration_oligo_77,"calibration_oligo_77,1,10",1,10,
128,1091.149387,56.005,-2,,13,OH,GAGAGGAGAAAGU,P,-4,light,1,1.797,0.0,,0.701,-,calibration_oligo_92,"calibration_oligo_92,1,13",1,13,
129,1106.136540,41.958,0,,14,OH,UUAUCCACUACCAG,P,-4,light,1,1.521,0.0,,0.63,-,calibration_oligo_95,"calibration_oligo_95,1,14",1,14,
130,1109.831869,52.482,3,,10,OH,AAAGAGAAGC,P,-3,light,1,1.848,0.0,,0.745,-,calibration_oligo_80,"calibration_oligo_80,1,10",1,10,
131,1120.492211,49.945,0,,10,OH,AGGAGAGGAC,P,-3,light,1,1.61,0.0,,0.691,-,calibration_oligo_79,"calibration_oligo_79,1,10",1,10,
132,1130.820158,46.986,-3,,10,OH,GGjAGAGGAU,P,-3,light,1,1.683,0.0,,0.702,GG[mG]AGAGGAU,calibration_oligo_82,"calibration_oligo_82,1,10",1,10,calibration_oligo_82:3[mG]
133,1177.491562,40.764,1,,11,OH,ACCUCAUAAAG,P,-3,light,1,1.382,0.0,,0.714,-,calibration_oligo_84,"calibration_oligo_84,1,11",1,11,
134,1177.817420,49.032,-1,,11,OH,AAUUAAACCUG,P,-3,light,1,1.447,0.0,,0.6,-,calibration_oligo_86,"calibration_oligo_86,1,11",1,11,
135,1216.505873,51.064,-3,,11,OH,AAAGGkAGAAU,P,-3,light,1,1.609,0.0,,0.676,AAAGG[mC]AGAAU,calibration_oligo_85,"calibration_oligo_85,1,11",1,11,calibration_oligo_85:6[mC]
136,1235.508434,48.932,1,,11,OH,GAGAGGAGAGC,P,-3,light,1,1.382,0.0,,0.648,-,calibration_oligo_83,"calibration_oligo_83,1,11",1,11,
